0.0;0.0;0.0
0.0;0.0;0.0
0.0;0.0;0.0
0.0;0.0;0.0
0.0;0.0;0.0
0.0;0.0;0.0
0.0;0.0;0.0
0.0;0.0;0.0
0.0;0.0;0.0
0.0;0.0;0.0
0.0;0.0;0.0
0.0;0.0;0.0
0.0;0.0;0.0
0.0;0.0;0.0
0.0;0.0;0.0
0.0;0.0;0.0
0.0;0.0;0.0
0.0;0.0;0.0
0.0;0.0;0.0
0.0;0.0;0.0
0.0;0.0;0.0
0.0;0.0;0.0
0.0;0.0;0.0
0.0;0.0;0.0
0.0;0.0;0.0
0.0;0.0;0.0
0.0;0.0;0.0
0.0;0.0;0.0
0.0;0.0;0.0
0.0;0.0;0.0
0.0;0.0;0.0
0.0;0.0;0.0
0.0;0.0;0.0
0.0;0.0;0.0
0.0;0.0;0.0
0.0;0.0;0.0
0.0;0.0;0.0
0.0;0.0;0.0
0.0;0.0;0.0
0.0;0.0;0.0
0.0;0.0;0.0
0.0;0.0;0.0
0.0;0.0;0.0
0.0;0.0;0.0
0.0;0.0;0.0
0.0;0.0;0.0
0.0;0.0;0.0
0.0;0.0;0.0
0.0;0.0;0.0
0.0;0.0;0.0
0.0;0.0;0.0
0.0;0.0;0.0
0.0;0.0;0.0
0.0;0.0;0.0
0.0;0.0;0.0
0.0;0.0;0.0
0.0;0.0;0.0
0.0;0.0;0.0
0.0;0.0;0.0
0.0;0.0;0.0
0.0;0.0;0.0
0.0;0.0;0.0
0.0;0.0;0.0
0.0;0.0;0.0
0.0;0.0;0.0
0.0;0.0;0.0
0.0;0.0;0.0
0.0;0.0;0.0
0.0;0.0;0.0
0.0;0.0;0.0
0.0;0.0;0.0
0.0;0.0;0.0
0.0;0.0;0.0
0.0;0.0;0.0
0.0;0.0;0.0
0.0;0.0;0.0
0.0;0.0;0.0
0.0;0.0;0.0
0.0;0.0;0.0
0.0;0.0;0.0
0.0;0.0;0.0
0.0;0.0;0.0
0.0;0.0;0.0
0.0;0.0;0.0
0.0;0.0;0.0
0.0;0.0;0.0
0.0;0.0;0.0
0.0;0.0;0.0
0.0;0.0;0.0
0.0;0.0;0.0
0.0;0.0;0.0
0.0;0.0;0.0
0.0;0.0;0.0
0.0;0.0;0.0
0.0;0.0;0.0
0.0;0.0;0.0
0.0;0.0;0.0
0.0;0.0;0.0
0.0;0.0;0.0
0.0;0.0;0.0
0.0;0.0;0.0
0.0;0.0;0.0
0.0;0.0;0.0
0.0;0.0;0.0
0.0;0.0;0.0
0.0;0.0;0.0
0.0;0.0;0.0
0.0;0.0;0.0
0.0;0.0;0.0
0.0;0.0;0.0
0.0;0.0;0.0
0.0;0.0;0.0
0.0;0.0;0.0
0.0;0.0;0.0
0.0;0.0;0.0
0.0;0.0;0.0
0.0;0.0;0.0
0.0;0.0;0.0
0.0;0.0;0.0
0.0;0.0;0.0
0.0;0.0;0.0
0.0;0.0;0.0
0.0;0.0;0.0
0.0;0.0;0.0
0.0;0.0;0.0
0.0;0.0;0.009437499567866325
0.0;0.0;0.009437499567866325
0.0;0.0;0.009437499567866325
0.0;0.0;0.009437499567866325
0.0;0.0;0.009437499567866325
0.0;0.0;0.009437499567866325
0.0;0.0;0.009437499567866325
0.0;0.0;0.009437499567866325
0.0;0.0;0.009437499567866325
0.0;0.0;0.009437499567866325
0.0;0.0;0.009437499567866325
0.0;0.0;0.009437499567866325
0.0;0.0;0.009437499567866325
0.0;0.0;0.009437499567866325
0.0;0.0;0.009437499567866325
0.0;0.0;0.009437499567866325
0.0;0.0;0.009437499567866325
0.0;0.0;0.009437499567866325
0.0;0.0;0.009437499567866325
0.0;0.0;0.009437499567866325
0.0;0.0;0.009437499567866325
0.0;0.0;0.009437499567866325
0.0;0.0;0.009437499567866325
0.0;0.0;0.009437499567866325
0.0;0.0;0.009437499567866325
0.0;0.0;0.009437499567866325
0.0;0.0;0.009437499567866325
0.0;0.0;0.009437499567866325
0.0;0.0;0.009437499567866325
0.0;0.0;0.009437499567866325
0.0;0.0;0.009437499567866325
0.0;0.0;0.009437499567866325
0.0;0.0;0.009437499567866325
0.0;0.0;0.009437499567866325
0.0;0.0;0.009437499567866325
0.0;0.0;0.009437499567866325
0.0;0.0;0.009437499567866325
0.0;0.0;0.009437499567866325
0.0;0.0;0.009437499567866325
0.0;0.0;0.009437499567866325
0.0;0.0;0.009437499567866325
0.0;0.0;0.009437499567866325
0.0;0.0;0.009437499567866325
0.0;0.0;0.009437499567866325
0.0;0.0;0.009437499567866325
0.0;0.0;0.009437499567866325
0.0;0.0;0.009437499567866325
0.0;0.0;0.009437499567866325
0.0;0.0;0.009437499567866325
0.0;0.0;0.009437499567866325
0.0;0.0;0.009437499567866325
0.0;0.0;0.009437499567866325
0.0;0.0;0.009437499567866325
0.0;0.0;0.009437499567866325
0.0;0.0;0.009437499567866325
0.0;0.0;0.009437499567866325
0.0;0.0;0.009437499567866325
0.0;0.0;0.009437499567866325
0.0;0.0;0.009437499567866325
0.0;0.0;0.009437499567866325
0.0;0.0;0.009437499567866325
0.0;0.0;0.009437499567866325
0.0;0.0;0.009437499567866325
0.0;0.0;0.009437499567866325
0.0;0.0;0.01899999938905239
0.0;0.0;0.01899999938905239
0.0;0.0;0.01899999938905239
0.0;0.0;0.01899999938905239
0.0;0.0;0.01899999938905239
0.0;0.0;0.01899999938905239
0.0;0.0;0.01899999938905239
0.0;0.0;0.028562499210238457
0.0;0.0;0.028562499210238457
0.0;0.0;0.028562499210238457
0.0;0.0;0.028562499210238457
0.0;0.0;0.028562499210238457
0.0;0.0;0.028562499210238457
0.0;0.0;0.028562499210238457
0.0;0.0;0.028562499210238457
0.0;0.0;0.028562499210238457
0.0;0.0;0.028562499210238457
0.0;0.0;0.028562499210238457
0.0;0.0;0.028562499210238457
0.0;0.0;0.028562499210238457
0.0;0.0;0.028562499210238457
0.0;0.0;0.03812500089406967
0.0;0.0;0.03812500089406967
0.0;0.0;0.03812500089406967
0.0;0.0;0.03812500089406967
0.0;0.0;0.03812500089406967
0.0;0.0;0.03812500089406967
0.0;0.0;0.03812500089406967
0.0;0.0;0.03812500089406967
0.0;0.0;0.03812500089406967
0.0;0.0;0.03812500089406967
0.0;0.0;0.03812500089406967
0.0;0.0;0.03812500089406967
0.0;0.0;0.03812500089406967
0.0;0.0;0.03812500089406967
0.0;0.0;0.03812500089406967
0.0;0.0;0.028687499463558197
0.0;0.0;0.03824999928474426
0.0;0.0;0.03824999928474426
0.0;0.0;0.03824999928474426
0.0;0.0;0.03824999928474426
0.0;0.0;0.03824999928474426
0.0;0.0;0.03824999928474426
0.0;0.0;0.03824999928474426
0.0;0.0;0.03824999928474426
0.0;0.0;0.03824999928474426
0.0;0.0;0.03824999928474426
0.0;0.0;0.03824999928474426
0.0;0.0;0.03824999928474426
0.0;0.0;0.03824999928474426
0.0;0.0;0.03824999928474426
0.0;0.0;0.03824999928474426
0.0;0.0;0.03824999928474426
0.0;0.0;0.03824999928474426
0.0;0.0;0.03824999928474426
0.0;0.0;0.03824999928474426
0.0;0.0;0.03824999928474426
0.0;0.0;0.03824999928474426
0.0;0.0;0.03824999928474426
0.0;0.0;0.03824999928474426
0.0;0.0;0.03824999928474426
0.0;0.0;0.03824999928474426
0.0;0.0;0.03824999928474426
0.0;0.0;0.03824999928474426
0.0;0.0;0.03824999928474426
0.0;0.0;0.03824999928474426
0.0;0.0;0.03824999928474426
0.0;0.0;0.03824999928474426
0.0;0.0;0.03824999928474426
0.0;0.0;0.03824999928474426
0.0;0.0;0.03824999928474426
0.0;0.0;0.03824999928474426
0.0;0.0;0.03824999928474426
0.0;0.0;0.03824999928474426
0.0;0.0;0.03824999928474426
0.0;0.0;0.03824999928474426
0.0;0.0;0.03824999928474426
0.0;0.0;0.03824999928474426
0.0;0.0;0.03824999928474426
0.0;0.0;0.03824999928474426
0.0;0.0;0.03824999928474426
0.0;0.0;0.04768750071525574
0.0;0.0;0.04768750071525574
0.0;0.0;0.04768750071525574
0.0;0.0;0.04768750071525574
0.0;0.0;0.04768750071525574
0.0;0.0;0.04768750071525574
0.0;0.0;0.04768750071525574
0.0;0.0;0.04768750071525574
0.0;0.0;0.04768750071525574
0.0;0.0;0.04768750071525574
0.0;0.0;0.04768750071525574
0.0;0.0;0.04768750071525574
0.0;0.0;0.04768750071525574
0.0;0.0;0.04768750071525574
0.0;0.0;0.04768750071525574
0.0;0.0;0.04768750071525574
0.0;0.0;0.04768750071525574
0.0;0.0;0.04768750071525574
0.0;0.0;0.04768750071525574
0.0;0.0;0.03812500089406967
0.0;0.0;0.03812500089406967
0.0;0.0;0.03812500089406967
0.0;0.0;0.03812500089406967
0.0;0.0;0.03812500089406967
0.0;0.0;0.03812500089406967
0.0;0.0;0.03812500089406967
0.0;0.0;0.028562499210238457
0.0;0.0;0.028562499210238457
0.0;0.0;0.028562499210238457
0.0;0.0;0.028562499210238457
0.0;0.0;0.028562499210238457
0.0;0.0;0.028562499210238457
0.0;0.0;0.028562499210238457
0.0;0.0;0.028562499210238457
0.0;0.0;0.028562499210238457
0.0;0.0;0.028562499210238457
0.0;0.0;0.028562499210238457
0.0;0.0;0.028562499210238457
0.0;0.0;0.028562499210238457
0.0;0.0;0.028562499210238457
0.0;0.0;0.01899999938905239
0.009562499821186066;0.0;0.01899999938905239
0.01912499964237213;0.0;0.01899999938905239
0.01912499964237213;0.0;0.01899999938905239
0.01912499964237213;0.0;0.01899999938905239
0.01912499964237213;0.0;0.01899999938905239
0.01912499964237213;0.0;0.01899999938905239
0.01912499964237213;0.0;0.01899999938905239
0.01912499964237213;0.0;0.01899999938905239
0.01912499964237213;0.0;0.01899999938905239
0.01912499964237213;0.0;0.01899999938905239
0.01912499964237213;0.0;0.01899999938905239
0.01912499964237213;0.0;0.01899999938905239
0.01912499964237213;0.0;0.01899999938905239
0.01912499964237213;0.0;0.01899999938905239
0.01912499964237213;0.0;0.01899999938905239
0.01912499964237213;0.0;0.009437499567866325
0.01912499964237213;0.0;0.009437499567866325
0.01912499964237213;0.0;0.009437499567866325
0.01912499964237213;0.0;0.009437499567866325
0.01912499964237213;0.0;0.009437499567866325
0.01912499964237213;0.0;0.009437499567866325
0.01912499964237213;0.0;0.009437499567866325
0.01912499964237213;0.0;0.009437499567866325
0.01912499964237213;0.0;0.009437499567866325
0.01912499964237213;0.0;0.009437499567866325
0.01912499964237213;0.0;0.009437499567866325
0.01912499964237213;0.0;0.009437499567866325
0.01912499964237213;0.0;0.009437499567866325
0.01912499964237213;0.0;0.009437499567866325
0.01912499964237213;0.0;0.009437499567866325
0.01912499964237213;0.0;0.009437499567866325
0.01912499964237213;0.0;0.009437499567866325
0.01912499964237213;0.0;0.009437499567866325
0.028687499463558197;0.0;0.009437499567866325
0.028687499463558197;0.0;0.009437499567866325
0.03824999928474426;0.0;0.009437499567866325
0.03824999928474426;0.0;0.009437499567866325
0.03824999928474426;0.0;0.009437499567866325
0.03824999928474426;0.0;0.009437499567866325
0.03824999928474426;0.0;0.009437499567866325
0.03824999928474426;0.0;0.009437499567866325
0.03824999928474426;0.0;0.009437499567866325
0.03824999928474426;0.0;0.009437499567866325
0.03824999928474426;0.0;0.009437499567866325
0.03824999928474426;0.0;0.009437499567866325
0.03824999928474426;0.0;0.009437499567866325
0.03824999928474426;0.0;0.009437499567866325
0.03824999928474426;0.0;0.009437499567866325
0.03824999928474426;0.0;0.009437499567866325
0.03824999928474426;0.0;0.009437499567866325
0.03824999928474426;0.0;0.009437499567866325
0.03824999928474426;0.0;0.009437499567866325
0.03824999928474426;0.0;0.009437499567866325
0.03824999928474426;0.0;0.009437499567866325
0.04781249910593033;0.0;0.009437499567866325
0.04781249910593033;0.0;0.009437499567866325
0.04781249910593033;0.0;0.009437499567866325
0.04781249910593033;0.0;0.009437499567866325
0.04781249910593033;0.0;0.009437499567866325
0.04781249910593033;0.0;0.0
0.04781249910593033;0.0;0.0
0.04781249910593033;0.0;0.0
0.04781249910593033;0.0;0.0
0.04781249910593033;0.0;0.0
0.04781249910593033;0.0;0.0
0.04781249910593033;0.0;0.0
0.04781249910593033;0.0;0.0
0.04781249910593033;0.0;0.0
0.04781249910593033;0.0;0.0
0.04781249910593033;0.0;0.0
0.04781249910593033;0.0;0.0
0.04781249910593033;0.0;0.0
0.04781249910593033;0.0;0.0
0.04781249910593033;0.0;0.0
0.04781249910593033;0.0;0.0
0.04781249910593033;0.0;0.0
0.04781249910593033;0.0;0.0
0.04781249910593033;0.0;0.0
0.04781249910593033;0.0;0.0
0.04781249910593033;0.0;0.0
0.04781249910593033;0.0;0.0
0.04781249910593033;0.0;0.0
0.04781249910593033;0.0;0.0
0.04781249910593033;0.0;0.0
0.04781249910593033;0.0;0.0
0.04781249910593033;0.0;0.0
0.04781249910593033;0.0;0.0
0.057374998927116394;0.0;0.0
0.057374998927116394;0.0;0.0
0.057374998927116394;0.0;0.0
0.057374998927116394;0.0;0.0
0.057374998927116394;0.0;0.0
0.057374998927116394;0.0;0.0
0.06693749874830246;0.0;0.0
0.07637500017881393;0.0;0.0
0.07637500017881393;0.0;0.0
0.07637500017881393;0.0;0.0
0.07637500017881393;0.0;0.0
0.07637500017881393;0.0;0.0
0.07637500017881393;0.0;0.0
0.06681250035762787;0.0;0.0
0.0572500005364418;0.0;0.0
0.0572500005364418;0.0;0.0
0.0572500005364418;0.0;0.0
0.0572500005364418;0.0;0.0
0.0572500005364418;0.0;0.0
0.0572500005364418;0.0;0.0
0.06668750196695328;0.0;0.0
0.07625000178813934;0.0;0.0
0.08581250160932541;0.0;0.0
0.09525000303983688;0.0;0.0
0.09525000303983688;0.0;0.0
0.09525000303983688;0.0;0.0
0.09525000303983688;0.0;0.0
0.09525000303983688;0.0;0.0
0.09525000303983688;0.0;0.0
0.09525000303983688;0.0;0.0
0.09525000303983688;0.0;0.0
0.09525000303983688;0.0;0.0
0.09525000303983688;0.0;0.0
0.09525000303983688;0.0;0.0
0.09525000303983688;0.0;0.0
0.09525000303983688;0.0;0.0
0.10468749701976776;0.0;0.0
0.10468749701976776;0.0;0.0
0.11424999684095383;0.0;0.0
0.11424999684095383;0.0;0.0
0.11424999684095383;0.0;0.0
0.1236874982714653;0.0;0.0
0.13312500715255737;0.0;0.0
0.13312500715255737;0.0;0.0
0.13312500715255737;0.0;0.0
0.13312500715255737;0.0;0.0
0.12356249988079071;0.0;0.0
0.12356249988079071;0.0;0.0
0.11400000005960464;0.0;0.0
0.11400000005960464;0.0;0.0
0.11400000005960464;0.0;0.0
0.11400000005960464;0.0;0.0
0.11400000005960464;0.0;0.0
0.11400000005960464;0.0;0.0
0.11400000005960464;0.0;0.0
0.11400000005960464;0.0;0.0
0.11400000005960464;0.0;0.0
0.11400000005960464;0.0;0.0
0.11400000005960464;0.0;0.0
0.11400000005960464;0.0;0.0
0.11400000005960464;0.0;0.0
0.11400000005960464;0.0;0.0
0.11400000005960464;0.0;0.0
0.11400000005960464;0.0;0.0
0.11400000005960464;0.0;0.0
0.11400000005960464;0.0;0.0
0.11400000005960464;0.0;0.0
0.10443750023841858;0.0;0.0
0.10443750023841858;0.0;0.0
0.10443750023841858;0.0;0.0
0.10443750023841858;0.0;0.0
0.10443750023841858;0.0;0.0
0.10443750023841858;0.0;0.0
0.10443750023841858;0.0;0.0
0.10443750023841858;0.0;0.0
0.10443750023841858;0.0;0.0
0.10443750023841858;0.0;0.0
0.10443750023841858;0.0;0.0
0.11400000005960464;0.0;0.0
0.11400000005960464;0.0;0.0
0.11400000005960464;0.0;0.0
0.11400000005960464;0.0;0.0
0.12343750149011612;0.0;0.0
0.12343750149011612;0.0;0.0
0.12343750149011612;0.0;0.0
0.12343750149011612;0.0;0.0
0.132874995470047;0.0;0.0
0.132874995470047;0.0;0.0
0.132874995470047;0.0;0.0
0.132874995470047;0.0;0.0
0.132874995470047;0.0;0.0
0.132874995470047;0.0;0.0
0.14231249690055847;0.009562499821186066;0.0
0.15187500417232513;0.009562499821186066;0.0
0.15187500417232513;0.009562499821186066;0.0
0.15187500417232513;0.009562499821186066;0.0
0.15187500417232513;0.01899999938905239;0.0
0.15187500417232513;0.01899999938905239;0.0
0.1614374965429306;0.028562499210238457;0.0
0.17100000381469727;0.028562499210238457;0.0
0.1614374965429306;0.028562499210238457;0.0
0.1614374965429306;0.028562499210238457;0.0
0.1614374965429306;0.028562499210238457;0.0
0.1614374965429306;0.028562499210238457;0.0
0.1614374965429306;0.028562499210238457;0.0
0.1614374965429306;0.028562499210238457;0.0
0.15187500417232513;0.028562499210238457;0.0
0.14243750274181366;0.028562499210238457;0.0
0.14243750274181366;0.028562499210238457;0.0
0.14243750274181366;0.028562499210238457;0.0
0.14243750274181366;0.028562499210238457;0.0
0.15199999511241913;0.028562499210238457;0.0
0.15199999511241913;0.03799999877810478;0.0
0.15199999511241913;0.03799999877810478;0.0
0.15199999511241913;0.03799999877810478;0.0
0.15199999511241913;0.03799999877810478;0.0
0.15199999511241913;0.04743750020861626;0.0
0.1615625023841858;0.04743750020861626;0.0
0.1615625023841858;0.05700000002980232;0.0
0.17100000381469727;0.05700000002980232;0.0
0.1615625023841858;0.05700000002980232;0.0
0.15199999511241913;0.0664374977350235;0.0
0.15199999511241913;0.0664374977350235;0.0
0.14256249368190765;0.0664374977350235;0.0
0.14256249368190765;0.0664374977350235;0.0
0.14256249368190765;0.0664374977350235;0.0
0.15199999511241913;0.0664374977350235;0.0
0.15199999511241913;0.0664374977350235;0.0
0.15199999511241913;0.0664374977350235;0.0
0.15199999511241913;0.0664374977350235;0.0
0.15199999511241913;0.07599999755620956;0.0
0.1614374965429306;0.07599999755620956;0.0
0.1614374965429306;0.07599999755620956;0.0
0.1614374965429306;0.07599999755620956;0.0
0.1614374965429306;0.07599999755620956;0.0
0.17087499797344208;0.07599999755620956;0.0
0.1614374965429306;0.07599999755620956;0.0
0.1614374965429306;0.07599999755620956;0.0
0.1614374965429306;0.07599999755620956;0.0
0.17087499797344208;0.07599999755620956;0.0
0.18031249940395355;0.07599999755620956;0.0
0.17087499797344208;0.07599999755620956;0.0
0.1614374965429306;0.07599999755620956;0.0
0.1614374965429306;0.07599999755620956;0.0
0.17087499797344208;0.07599999755620956;0.0
0.17087499797344208;0.08543749898672104;0.0
0.17087499797344208;0.08543749898672104;0.0
0.17087499797344208;0.08543749898672104;0.0
0.18031249940395355;0.08543749898672104;0.0
0.18975000083446503;0.08543749898672104;0.0
0.1991875022649765;0.08543749898672104;0.0
0.1991875022649765;0.08543749898672104;0.0
0.1991875022649765;0.08543749898672104;0.0
0.20874999463558197;0.08543749898672104;0.0
0.20874999463558197;0.08543749898672104;0.0
0.20874999463558197;0.08543749898672104;0.0
0.20874999463558197;0.08543749898672104;0.0
0.20874999463558197;0.08543749898672104;0.0
0.21831250190734863;0.09487500041723251;0.0
0.2278749942779541;0.09487500041723251;0.0
0.2278749942779541;0.09487500041723251;0.0
0.23743750154972076;0.09487500041723251;0.0
0.23743750154972076;0.09487500041723251;0.0
0.24687500298023224;0.09487500041723251;0.0
0.2563124895095825;0.09487500041723251;0.0
0.2658750116825104;0.09487500041723251;0.0
0.2658750116825104;0.09487500041723251;0.0
0.27531251311302185;0.09487500041723251;0.0
0.27531251311302185;0.09487500041723251;0.0
0.27531251311302185;0.09487500041723251;0.0
0.2847500145435333;0.09487500041723251;0.0
0.2847500145435333;0.10443750023841858;0.0
0.2943125069141388;0.10443750023841858;0.0
0.30375000834465027;0.10443750023841858;0.0
0.31318750977516174;0.10443750023841858;0.0
0.31318750977516174;0.10443750023841858;0.0
0.3226250112056732;0.10443750023841858;0.0
0.3226250112056732;0.10443750023841858;0.0
0.32249999046325684;0.10443750023841858;0.0
0.32249999046325684;0.10443750023841858;0.0
0.32249999046325684;0.10443750023841858;0.0
0.3319374918937683;0.10443750023841858;0.0
0.32249999046325684;0.10443750023841858;0.0
0.3319374918937683;0.10443750023841858;0.0
0.3319374918937683;0.11387500166893005;0.0
0.3319374918937683;0.11387500166893005;0.0
0.3319374918937683;0.12331250309944153;0.0
0.3319374918937683;0.12331250309944153;0.0
0.3413749933242798;0.12331250309944153;0.0
0.35081249475479126;0.12331250309944153;0.0
0.36037498712539673;0.12331250309944153;0.0
0.3699375092983246;0.12331250309944153;0.0
0.3699375092983246;0.12318749725818634;0.0
0.36037498712539673;0.13262499868869781;0.0
0.36037498712539673;0.13262499868869781;0.0
0.36037498712539673;0.13262499868869781;0.0
0.3698124885559082;0.12318749725818634;0.0
0.3698124885559082;0.12318749725818634;0.0
0.36024999618530273;0.11362499743700027;0.0
0.35068750381469727;0.11362499743700027;0.0
0.36024999618530273;0.11362499743700027;0.0
0.36024999618530273;0.11362499743700027;0.0
0.3696874976158142;0.11362499743700027;0.0
0.3791249990463257;0.11362499743700027;0.0
0.3791249990463257;0.11362499743700027;0.0
0.3791249990463257;0.11362499743700027;0.0
0.3791249990463257;0.11362499743700027;0.0
0.38868749141693115;0.11362499743700027;0.0
0.3981249928474426;0.11362499743700027;0.0
0.3981249928474426;0.12306249886751175;0.0
0.4076874852180481;0.12306249886751175;0.0
0.3981249928474426;0.12306249886751175;0.0
0.3981249928474426;0.11362499743700027;0.0
0.4075624942779541;0.11362499743700027;0.0
0.4169999957084656;0.11362499743700027;0.0
0.4169999957084656;0.11362499743700027;0.0
0.42643749713897705;0.11362499743700027;0.0
0.4168750047683716;0.11362499743700027;0.0
0.42631250619888306;0.10406249761581421;0.0
0.4168750047683716;0.10406249761581421;0.0
0.4168750047683716;0.10406249761581421;0.0
0.4168750047683716;0.09462500363588333;0.0
0.4168750047683716;0.09462500363588333;0.0
0.4168750047683716;0.10406249761581421;0.0
0.4168750047683716;0.10406249761581421;0.0
0.4168750047683716;0.10406249761581421;0.0
0.4074375033378601;0.10406249761581421;0.0
0.4074375033378601;0.11349999904632568;0.0
0.4074375033378601;0.11349999904632568;0.0
0.4074375033378601;0.11349999904632568;0.0
0.4169999957084656;0.10393749922513962;0.0
0.4075624942779541;0.10393749922513962;0.0
0.4169999957084656;0.10393749922513962;0.0
0.42643749713897705;0.10393749922513962;0.0
0.4358749985694885;0.10393749922513962;0.0
0.42643749713897705;0.11337500065565109;0.0
0.4358749985694885;0.11337500065565109;0.0
0.4358749985694885;0.11337500065565109;0.0
0.42631250619888306;0.11337500065565109;0.0
0.42631250619888306;0.12281250208616257;0.0
0.42643749713897705;0.12281250208616257;0.0
0.42643749713897705;0.12281250208616257;0.0
0.42643749713897705;0.12281250208616257;0.0
0.42643749713897705;0.12281250208616257;0.0
0.4169999957084656;0.12281250208616257;0.0
0.4169999957084656;0.11337500065565109;0.0
0.4169999957084656;0.11337500065565109;0.0
0.4169999957084656;0.11337500065565109;0.0
0.4075624942779541;0.11337500065565109;0.0
0.4076874852180481;0.11337500065565109;0.0
0.4076874852180481;0.11337500065565109;0.0
0.4076874852180481;0.11337500065565109;0.0
0.4076874852180481;0.11337500065565109;0.0
0.3981249928474426;0.12281250208616257;0.0
0.3981249928474426;0.12281250208616257;0.0
0.3981249928474426;0.12281250208616257;0.0
0.4075624942779541;0.12281250208616257;0.0
0.4075624942779541;0.12281250208616257;0.0
0.39800000190734863;0.11337500065565109;0.0
0.38843750953674316;0.11337500065565109;0.0
0.38843750953674316;0.11337500065565109;0.0
0.3883124887943268;0.11337500065565109;0.0
0.39787501096725464;0.11337500065565109;0.0
0.39800000190734863;0.11337500065565109;0.0
0.39800000190734863;0.11337500065565109;0.0
0.39787501096725464;0.11337500065565109;0.0
0.39787501096725464;0.12281250208616257;0.0
0.39787501096725464;0.12281250208616257;0.0
0.39787501096725464;0.12281250208616257;0.0
0.4074375033378601;0.12281250208616257;0.0
0.4074375033378601;0.12281250208616257;0.0
0.4168750047683716;0.12281250208616257;0.0
0.4167500138282776;0.12281250208616257;0.0
0.4167500138282776;0.12281250208616257;0.0
0.4073125123977661;0.12281250208616257;0.0
0.4073125123977661;0.12281250208616257;0.0
0.4073125123977661;0.12281250208616257;0.0
0.4073125123977661;0.13224999606609344;0.0
0.4073125123977661;0.13224999606609344;0.0
0.4073125123977661;0.13224999606609344;0.0
0.4167500138282776;0.13224999606609344;0.0
0.4167500138282776;0.13224999606609344;0.0
0.4167500138282776;0.13224999606609344;0.0
0.4073125123977661;0.13224999606609344;0.0
0.4073125123977661;0.12281250208616257;0.0
0.4167500138282776;0.12281250208616257;0.0
0.4073125123977661;0.11337500065565109;0.0
0.4167500138282776;0.11337500065565109;0.0
0.4167500138282776;0.11337500065565109;0.0
0.4167500138282776;0.11337500065565109;0.0
0.4166249930858612;0.11337500065565109;0.0
0.40706250071525574;0.11337500065565109;0.0
0.40706250071525574;0.11337500065565109;0.0
0.40706250071525574;0.10393749922513962;0.0
0.4165000021457672;0.10393749922513962;0.0
0.4260624945163727;0.10393749922513962;0.0
0.4260624945163727;0.10393749922513962;0.0
0.43562498688697815;0.10393749922513962;0.0
0.43562498688697815;0.10393749922513962;0.0
0.445187509059906;0.10393749922513962;0.0
0.43562498688697815;0.10393749922513962;0.0
0.4450624883174896;0.10393749922513962;0.0
0.43562498688697815;0.10393749922513962;0.0
0.43562498688697815;0.11337500065565109;0.0
0.4450624883174896;0.11337500065565109;0.0
0.4450624883174896;0.11337500065565109;0.0
0.4450624883174896;0.11337500065565109;0.0
0.44493749737739563;0.11337500065565109;0.0
0.44493749737739563;0.11337500065565109;0.0
0.4544999897480011;0.10393749922513962;0.0
0.44493749737739563;0.10393749922513962;0.0
0.4544999897480011;0.11337500065565109;0.0
0.4639374911785126;0.11337500065565109;0.0
0.4544999897480011;0.11337500065565109;0.0
0.4546250104904175;0.11337500065565109;0.0
0.4546250104904175;0.11337500065565109;0.0
0.4546250104904175;0.10393749922513962;0.0
0.46406251192092896;0.10393749922513962;0.0
0.46406251192092896;0.10393749922513962;0.0
0.47350001335144043;0.10393749922513962;0.0
0.4829375147819519;0.10393749922513962;0.0
0.492374986410141;0.10393749922513962;0.0
0.492249995470047;0.10393749922513962;0.0
0.492249995470047;0.09449999779462814;0.0
0.5016875267028809;0.09449999779462814;0.0
0.5112500190734863;0.09449999779462814;0.0
0.5206875205039978;0.09449999779462814;0.0
0.5302500128746033;0.08506249636411667;0.0
0.5396875143051147;0.08506249636411667;0.0
0.5396875143051147;0.08506249636411667;0.0
0.5301250219345093;0.08506249636411667;0.0
0.5301250219345093;0.08506249636411667;0.0
0.5206875205039978;0.08506249636411667;0.0
0.5112500190734863;0.08506249636411667;0.0
0.5018125176429749;0.08506249636411667;0.0
0.5112500190734863;0.07562500238418579;0.0
0.5018125176429749;0.07562500238418579;0.0
0.5018125176429749;0.07562500238418579;0.0
0.5018125176429749;0.07562500238418579;0.0
0.5018125176429749;0.06618750095367432;0.0
0.5016875267028809;0.06618750095367432;0.0
0.5111250281333923;0.06618750095367432;0.0
0.5111250281333923;0.06618750095367432;0.0
0.5205625295639038;0.06618750095367432;0.0
0.5299999713897705;0.07575000077486038;0.0
0.5395625233650208;0.07575000077486038;0.0
0.5395625233650208;0.07575000077486038;0.0
0.5395625233650208;0.07575000077486038;0.0
0.5490000247955322;0.07575000077486038;0.0
0.5488749742507935;0.07575000077486038;0.0
0.539437472820282;0.07575000077486038;0.0
0.5488749742507935;0.07575000077486038;0.0
0.5488749742507935;0.07575000077486038;0.0
0.5488749742507935;0.06631249934434891;0.0
0.5583124756813049;0.06631249934434891;0.0
0.5583124756813049;0.06631249934434891;0.0
0.5583124756813049;0.06631249934434891;0.0
0.5678750276565552;0.06631249934434891;0.0
0.5678750276565552;0.06631249934434891;0.0
0.5678750276565552;0.06631249934434891;0.0
0.5774375200271606;0.06631249934434891;0.0
0.5680000185966492;0.06631249934434891;0.0
0.5584375262260437;0.06631249934434891;0.0
0.5583124756813049;0.06631249934434891;0.0
0.5583124756813049;0.06631249934434891;0.0
0.5488749742507935;0.06631249934434891;0.0
0.5488749742507935;0.06631249934434891;0.0
0.539437472820282;0.07575000077486038;0.0
0.5488749742507935;0.07575000077486038;0.0
0.5488749742507935;0.07575000077486038;0.0
0.539437472820282;0.07575000077486038;0.0
0.539437472820282;0.06618750095367432;0.0
0.5299999713897705;0.06618750095367432;0.0
0.5205625295639038;0.06618750095367432;0.0
0.5205625295639038;0.06618750095367432;0.0
0.5301250219345093;0.06618750095367432;0.0
0.5206875205039978;0.06618750095367432;0.0
0.5301250219345093;0.05674999952316284;0.0
0.5206875205039978;0.05674999952316284;0.0
0.5206875205039978;0.05674999952316284;0.0
0.5112500190734863;0.05674999952316284;0.0
0.5018125176429749;0.05674999952316284;0.0
0.5018125176429749;0.05674999952316284;0.0
0.5113750100135803;0.05674999952316284;0.0
0.5209375023841858;0.05674999952316284;0.0
0.5115000009536743;0.05674999952316284;0.0
0.5209375023841858;0.05674999952316284;0.0
0.5115000009536743;0.05674999952316284;0.0
0.5116249918937683;0.05674999952316284;0.0
0.5116249918937683;0.05674999952316284;0.0
0.5116249918937683;0.05674999952316284;0.0
0.5116249918937683;0.05674999952316284;0.0
0.5021874904632568;0.047312501817941666;0.0
0.5117499828338623;0.047312501817941666;0.0
0.5023124814033508;0.047312501817941666;0.0
0.49274998903274536;0.047312501817941666;0.0
0.49274998903274536;0.047312501817941666;0.0
0.4831874966621399;0.047312501817941666;0.0
0.4831874966621399;0.047312501817941666;0.0
0.4830625057220459;0.047312501817941666;0.0
0.49262499809265137;0.047312501817941666;0.0
0.4831874966621399;0.047312501817941666;0.0
0.4831874966621399;0.047312501817941666;0.0
0.4737499952316284;0.03787500038743019;0.0
0.4737499952316284;0.03787500038743019;0.0
0.4831874966621399;0.03787500038743019;0.0
0.4831874966621399;0.03787500038743019;0.0
0.4737499952316284;0.03787500038743019;0.0
0.46431249380111694;0.03787500038743019;0.0
0.4547500014305115;0.03787500038743019;0.0
0.4547500014305115;0.03787500038743019;0.0
0.445187509059906;0.028437500819563866;0.0
0.445187509059906;0.028437500819563866;0.0
0.445187509059906;0.028437500819563866;0.0
0.43562498688697815;0.028437500819563866;0.0
0.43562498688697815;0.028437500819563866;0.0
0.4261874854564667;0.028437500819563866;0.0
0.4261874854564667;0.028437500819563866;0.0
0.4167500138282776;0.028437500819563866;0.0
0.4073125123977661;0.028437500819563866;0.0
0.39787501096725464;0.028437500819563866;0.0
0.38843750953674316;0.03787500038743019;0.0
0.3790000081062317;0.047312501817941666;0.0
0.3790000081062317;0.047312501817941666;0.0
0.3790000081062317;0.047312501817941666;0.0
0.3788749873638153;0.047312501817941666;0.0
0.3790000081062317;0.05674999952316284;0.0
0.36943748593330383;0.05674999952316284;0.0
0.3695625066757202;0.06618750095367432;0.0
0.3791249990463257;0.06618750095367432;0.0
0.3791249990463257;0.06618750095367432;0.0
0.38856250047683716;0.06618750095367432;0.0
0.39800000190734863;0.06618750095367432;0.0
0.39800000190734863;0.06618750095367432;0.0
0.39800000190734863;0.06618750095367432;0.0
0.38856250047683716;0.06618750095367432;0.0
0.38856250047683716;0.06618750095367432;0.0
0.39800000190734863;0.06618750095367432;0.0
0.39800000190734863;0.06618750095367432;0.0
0.38856250047683716;0.06618750095367432;0.0
0.3791249990463257;0.06618750095367432;0.0
0.3696874976158142;0.06618750095367432;0.0
0.3696874976158142;0.07562500238418579;0.0
0.36024999618530273;0.07562500238418579;0.0
0.36024999618530273;0.06606250256299973;0.0
0.35068750381469727;0.06606250256299973;0.0
0.35068750381469727;0.06606250256299973;0.0
0.35068750381469727;0.06606250256299973;0.0
0.35081249475479126;0.06606250256299973;0.0
0.35093748569488525;0.0754999965429306;0.0
0.35093748569488525;0.0754999965429306;0.0
0.35106250643730164;0.0754999965429306;0.0
0.35106250643730164;0.0754999965429306;0.0
0.3605000078678131;0.08493749797344208;0.0
0.35106250643730164;0.08493749797344208;0.0
0.3606249988079071;0.08493749797344208;0.0
0.35118749737739563;0.08493749797344208;0.0
0.34162500500679016;0.08493749797344208;0.0
0.35106250643730164;0.08493749797344208;0.0
0.35106250643730164;0.08493749797344208;0.0
0.34150001406669617;0.08493749797344208;0.0
0.34150001406669617;0.08493749797344208;0.0
0.35106250643730164;0.09437499940395355;0.0
0.34162500500679016;0.09437499940395355;0.0
0.3321875035762787;0.09437499940395355;0.0
0.3321875035762787;0.09437499940395355;0.0
0.34162500500679016;0.08493749797344208;0.0
0.35106250643730164;0.0754999965429306;0.0
0.34162500500679016;0.0754999965429306;0.0
0.3320625126361847;0.0754999965429306;0.0
0.34150001406669617;0.0754999965429306;0.0
0.34150001406669617;0.0754999965429306;0.0
0.34150001406669617;0.0754999965429306;0.0
0.35093748569488525;0.0754999965429306;0.0
0.35093748569488525;0.0754999965429306;0.0
0.35081249475479126;0.0754999965429306;0.0
0.36024999618530273;0.0754999965429306;0.0
0.35081249475479126;0.0754999965429306;0.0
0.35081249475479126;0.0754999965429306;0.0
0.35081249475479126;0.0754999965429306;0.0
0.35081249475479126;0.0754999965429306;0.0
0.35081249475479126;0.0754999965429306;0.0
0.35081249475479126;0.08493749797344208;0.0
0.35068750381469727;0.08493749797344208;0.0
0.3411250114440918;0.08493749797344208;0.0
0.35056251287460327;0.08493749797344208;0.0
0.3411250114440918;0.08493749797344208;0.0
0.3411250114440918;0.09437499940395355;0.0
0.33156248927116394;0.10381250083446503;0.0
0.33156248927116394;0.10381250083446503;0.0
0.32212498784065247;0.10381250083446503;0.0
0.32212498784065247;0.10381250083446503;0.0
0.32212498784065247;0.10381250083446503;0.0
0.32199999690055847;0.10381250083446503;0.0
0.33143749833106995;0.10381250083446503;0.0
0.33143749833106995;0.10381250083446503;0.0
0.32199999690055847;0.10381250083446503;0.0
0.33143749833106995;0.10381250083446503;0.0
0.33143749833106995;0.11337500065565109;0.0
0.32199999690055847;0.11337500065565109;0.0
0.3218750059604645;0.11337500065565109;0.0
0.33131250739097595;0.11337500065565109;0.0
0.33131250739097595;0.11337500065565109;0.0
0.33131250739097595;0.11337500065565109;0.0
0.3218750059604645;0.11337500065565109;0.0
0.3218750059604645;0.11337500065565109;0.0
0.33131250739097595;0.11337500065565109;0.0
0.3407500088214874;0.11337500065565109;0.0
0.3407500088214874;0.11337500065565109;0.0
0.3501875102519989;0.11337500065565109;0.0
0.3596250116825104;0.11337500065565109;0.0
0.3596250116825104;0.11337500065565109;0.0
0.3501875102519989;0.11337500065565109;0.0
0.3596250116825104;0.11337500065565109;0.0
0.3596250116825104;0.11337500065565109;0.0
0.36906251311302185;0.11337500065565109;0.0
0.36906251311302185;0.11337500065565109;0.0
0.36906251311302185;0.11337500065565109;0.0
0.36906251311302185;0.11337500065565109;0.0
0.36906251311302185;0.12293750047683716;0.0
0.36906251311302185;0.12293750047683716;0.0
0.3786250054836273;0.11349999904632568;0.0
0.3881874978542328;0.10406249761581421;0.0
0.3881874978542328;0.10406249761581421;0.0
0.3881874978542328;0.11349999904632568;0.0
0.3883124887943268;0.11349999904632568;0.0
0.3881874978542328;0.10406249761581421;0.0
0.3881874978542328;0.10406249761581421;0.0
0.3786250054836273;0.09462500363588333;0.0
0.3785000145435333;0.09462500363588333;0.0
0.3785000145435333;0.09462500363588333;0.0
0.3785000145435333;0.09462500363588333;0.0
0.36906251311302185;0.09462500363588333;0.0
0.36906251311302185;0.09462500363588333;0.0
0.3785000145435333;0.09462500363588333;0.0
0.3879374861717224;0.09462500363588333;0.0
0.3973749876022339;0.09462500363588333;0.0
0.3879374861717224;0.09462500363588333;0.0
0.3973749876022339;0.09462500363588333;0.0
0.3973749876022339;0.09462500363588333;0.0
0.3973749876022339;0.09462500363588333;0.0
0.3973749876022339;0.09462500363588333;0.0
0.3973749876022339;0.08518750220537186;0.0
0.3973749876022339;0.08518750220537186;0.0
0.3879374861717224;0.08518750220537186;0.0
0.3879374861717224;0.08518750220537186;0.0
0.3879374861717224;0.08518750220537186;0.0
0.39750000834465027;0.08518750220537186;0.0
0.3879374861717224;0.08518750220537186;0.0
0.3878124952316284;0.08518750220537186;0.0
0.3972499966621399;0.08518750220537186;0.0
0.3971250057220459;0.08518750220537186;0.0
0.3971250057220459;0.08518750220537186;0.0
0.3876875042915344;0.07575000077486038;0.0
0.3876875042915344;0.08531250059604645;0.0
0.37812501192092896;0.08531250059604645;0.0
0.38756251335144043;0.08531250059604645;0.0
0.38756251335144043;0.08531250059604645;0.0
0.38756251335144043;0.09475000202655792;0.0
0.38756251335144043;0.09475000202655792;0.0
0.38756251335144043;0.09475000202655792;0.0
0.3970000147819519;0.1041875034570694;0.0
0.3968749940395355;0.09475000202655792;0.0
0.406312495470047;0.09475000202655792;0.0
0.406312495470047;0.09475000202655792;0.0
0.41574999690055847;0.09475000202655792;0.0
0.41574999690055847;0.09475000202655792;0.0
0.41574999690055847;0.09475000202655792;0.0
0.42531248927116394;0.09475000202655792;0.0
0.42531248927116394;0.09475000202655792;0.0
0.41587498784065247;0.09475000202655792;0.0
0.406437486410141;0.09475000202655792;0.0
0.41600000858306885;0.09475000202655792;0.0
0.4065625071525574;0.09475000202655792;0.0
0.4065625071525574;0.1041875034570694;0.0
0.3971250057220459;0.1041875034570694;0.0
0.3876875042915344;0.1041875034570694;0.0
0.3876875042915344;0.1041875034570694;0.0
0.3876875042915344;0.1041875034570694;0.0
0.3971250057220459;0.1041875034570694;0.0
0.3971250057220459;0.1041875034570694;0.0
0.3971250057220459;0.1041875034570694;0.0
0.3971250057220459;0.09475000202655792;0.0
0.3876875042915344;0.1041875034570694;0.0
0.3876875042915344;0.1041875034570694;0.0
0.37825000286102295;0.1041875034570694;0.0
0.3876875042915344;0.11375000327825546;0.0
0.3876875042915344;0.10431250184774399;0.0
0.3971250057220459;0.09487500041723251;0.0
0.3971250057220459;0.09487500041723251;0.0
0.3971250057220459;0.09487500041723251;0.0
0.3971250057220459;0.09487500041723251;0.0
0.3971250057220459;0.09487500041723251;0.0
0.3876875042915344;0.09487500041723251;0.0
0.3876875042915344;0.09487500041723251;0.0
0.3971250057220459;0.09487500041723251;0.0
0.3971250057220459;0.10431250184774399;0.0
0.3876875042915344;0.10431250184774399;0.0
0.3971250057220459;0.10431250184774399;0.0
0.3971250057220459;0.10431250184774399;0.0
0.3876875042915344;0.10431250184774399;0.0
0.37825000286102295;0.10431250184774399;0.0
0.3876875042915344;0.11387500166893005;0.0
0.3876875042915344;0.11387500166893005;0.0
0.3876875042915344;0.12343750149011612;0.0
0.37825000286102295;0.12343750149011612;0.0
0.3688125014305115;0.12343750149011612;0.0
0.36893749237060547;0.12343750149011612;0.0
0.37837499380111694;0.12343750149011612;0.0
0.37837499380111694;0.13300000131130219;0.0
0.36893749237060547;0.13300000131130219;0.0
0.3785000145435333;0.13300000131130219;0.0
0.3785000145435333;0.13300000131130219;0.0
0.3785000145435333;0.14243750274181366;0.0
0.3785000145435333;0.14243750274181366;0.0
0.36906251311302185;0.14243750274181366;0.0
0.3785000145435333;0.14243750274181366;0.0
0.36906251311302185;0.15187500417232513;0.0
0.3785000145435333;0.15187500417232513;0.0
0.3879374861717224;0.14231249690055847;0.0
0.3879374861717224;0.15174999833106995;0.0
0.37837499380111694;0.15174999833106995;0.0
0.3688125014305115;0.15174999833106995;0.0
0.37825000286102295;0.15174999833106995;0.0
0.3688125014305115;0.14231249690055847;0.0
0.359250009059906;0.14231249690055847;0.0
0.34981250762939453;0.14231249690055847;0.0
0.34981250762939453;0.14231249690055847;0.0
0.34981250762939453;0.14231249690055847;0.0
0.34037500619888306;0.15174999833106995;0.0
0.34037500619888306;0.15174999833106995;0.0
0.34037500619888306;0.15174999833106995;0.0
0.34981250762939453;0.16118749976158142;0.0
0.359250009059906;0.1706250011920929;0.0
0.359375;0.1706250011920929;0.0
0.359375;0.1706250011920929;0.0
0.3499374985694885;0.1706250011920929;0.0
0.3499374985694885;0.1706250011920929;0.0
0.34049999713897705;0.1706250011920929;0.0
0.3499374985694885;0.1706250011920929;0.0
0.3499374985694885;0.1706250011920929;0.0
0.359499990940094;0.18018749356269836;0.0
0.36906251311302185;0.18018749356269836;0.0
0.36906251311302185;0.18975000083446503;0.0
0.36906251311302185;0.1993124932050705;0.0
0.36906251311302185;0.1993124932050705;0.0
0.3785000145435333;0.1993124932050705;0.0
0.3785000145435333;0.1993124932050705;0.0
0.3785000145435333;0.1993124932050705;0.0
0.36906251311302185;0.18987500667572021;0.0
0.3596250116825104;0.19943749904632568;0.0
0.3596250116825104;0.19943749904632568;0.0
0.3596250116825104;0.19943749904632568;0.0
0.36918750405311584;0.19943749904632568;0.0
0.3787499964237213;0.19943749904632568;0.0
0.3787499964237213;0.19943749904632568;0.0
0.3787499964237213;0.20887500047683716;0.0
0.3787499964237213;0.21843749284744263;0.0
0.36931249499320984;0.20900000631809235;0.0
0.36931249499320984;0.20900000631809235;0.0
0.3788749873638153;0.21843749284744263;0.0
0.3788749873638153;0.21843749284744263;0.0
0.3790000081062317;0.2280000001192093;0.0
0.3790000081062317;0.23743750154972076;0.0
0.3790000081062317;0.24687500298023224;0.0
0.3695625066757202;0.24687500298023224;0.0
0.36012500524520874;0.24687500298023224;0.0
0.35068750381469727;0.2564375102519989;0.0
0.35056251287460327;0.2564375102519989;0.0
0.35056251287460327;0.2564375102519989;0.0
0.35056251287460327;0.2658750116825104;0.0
0.35056251287460327;0.27531251311302185;0.0
0.3504374921321869;0.2847500145435333;0.0
0.3504374921321869;0.2847500145435333;0.0
0.35987499356269836;0.27531251311302185;0.0
0.35987499356269836;0.27531251311302185;0.0
0.36943748593330383;0.27531251311302185;0.0
0.36943748593330383;0.27531251311302185;0.0
0.3788749873638153;0.27531251311302185;0.0
0.3788749873638153;0.2847500145435333;0.0
0.3788749873638153;0.2847500145435333;0.0
0.3883124887943268;0.2847500145435333;0.0
0.3883124887943268;0.2847500145435333;0.0
0.39774999022483826;0.27531251311302185;0.0
0.39774999022483826;0.27531251311302185;0.0
0.39774999022483826;0.27531251311302185;0.0
0.39787501096725464;0.27531251311302185;0.0
0.4073125123977661;0.27531251311302185;0.0
0.4074375033378601;0.2847500145435333;0.0
0.39800000190734863;0.2943125069141388;0.0
0.4074375033378601;0.2943125069141388;0.0
0.4074375033378601;0.30375000834465027;0.0
0.4074375033378601;0.30375000834465027;0.0
0.4074375033378601;0.31331250071525574;0.0
0.4074375033378601;0.31331250071525574;0.0
0.39800000190734863;0.31331250071525574;0.0
0.39800000190734863;0.30387499928474426;0.0
0.39800000190734863;0.30387499928474426;0.0
0.38856250047683716;0.2943125069141388;0.0
0.38856250047683716;0.2943125069141388;0.0
0.38856250047683716;0.2943125069141388;0.0
0.38856250047683716;0.30375000834465027;0.0
0.3791249990463257;0.2941874861717224;0.0
0.38856250047683716;0.2941874861717224;0.0
0.38856250047683716;0.28462499380111694;0.0
0.38856250047683716;0.28462499380111694;0.0
0.38856250047683716;0.2941874861717224;0.0
0.38843750953674316;0.2941874861717224;0.0
0.3790000081062317;0.3036249876022339;0.0
0.3791249990463257;0.3036249876022339;0.0
0.3791249990463257;0.3036249876022339;0.0
0.3695625066757202;0.3036249876022339;0.0
0.3695625066757202;0.3036249876022339;0.0
0.3695625066757202;0.3036249876022339;0.0
0.3695625066757202;0.31306248903274536;0.0
0.3695625066757202;0.32249999046325684;0.0
0.36012500524520874;0.32249999046325684;0.0
0.36012500524520874;0.31306248903274536;0.0
0.35068750381469727;0.32249999046325684;0.0
0.35068750381469727;0.32249999046325684;0.0
0.36012500524520874;0.31306248903274536;0.0
0.3695625066757202;0.31306248903274536;0.0
0.3695625066757202;0.32249999046325684;0.0
0.36012500524520874;0.3319374918937683;0.0
0.36012500524520874;0.3319374918937683;0.0
0.36012500524520874;0.3319374918937683;0.0
0.36012500524520874;0.3319374918937683;0.0
0.36012500524520874;0.34150001406669617;0.0
0.36012500524520874;0.34150001406669617;0.0
0.3696874976158142;0.3320625126361847;0.0
0.3696874976158142;0.3320625126361847;0.0
0.36024999618530273;0.34162500500679016;0.0
0.35081249475479126;0.34174999594688416;0.0
0.3413749933242798;0.3323124945163727;0.0
0.3413749933242798;0.3323124945163727;0.0
0.3319374918937683;0.3323124945163727;0.0
0.3413749933242798;0.3323124945163727;0.0
0.3413749933242798;0.3323124945163727;0.0
0.3413749933242798;0.3323124945163727;0.0
0.3319374918937683;0.3323124945163727;0.0
0.34150001406669617;0.3323124945163727;0.0
0.3319374918937683;0.3227500021457672;0.0
0.32237499952316284;0.3227500021457672;0.0
0.32237499952316284;0.31318750977516174;0.0
0.32237499952316284;0.3036249876022339;0.0
0.3318125009536743;0.31318750977516174;0.0
0.32237499952316284;0.31318750977516174;0.0
0.3128125071525574;0.3227500021457672;0.0
0.3128125071525574;0.3227500021457672;0.0
0.3128125071525574;0.3227500021457672;0.0
0.32225000858306885;0.31318750977516174;0.0
0.32225000858306885;0.31318750977516174;0.0
0.32225000858306885;0.31318750977516174;0.0
0.32212498784065247;0.31318750977516174;0.0
0.312562495470047;0.3036249876022339;0.0
0.312562495470047;0.3036249876022339;0.0
0.312687486410141;0.2941874861717224;0.0
0.312687486410141;0.28462499380111694;0.0
0.32212498784065247;0.28462499380111694;0.0
0.32212498784065247;0.28462499380111694;0.0
0.32199999690055847;0.27518749237060547;0.0
0.312562495470047;0.265749990940094;0.0
0.30300000309944153;0.265749990940094;0.0
0.29356250166893005;0.2563124895095825;0.0
0.29356250166893005;0.24687500298023224;0.0
0.29356250166893005;0.24687500298023224;0.0
0.3031249940395355;0.24687500298023224;0.0
0.3031249940395355;0.23731249570846558;0.0
0.29368749260902405;0.23731249570846558;0.0
0.29368749260902405;0.23731249570846558;0.0
0.3032500147819519;0.2278749942779541;0.0
0.312687486410141;0.21843749284744263;0.0
0.3032500147819519;0.20900000631809235;0.0
0.312687486410141;0.20900000631809235;0.0
0.3032500147819519;0.20900000631809235;0.0
0.3032500147819519;0.20900000631809235;0.0
0.29368749260902405;0.20900000631809235;0.0
0.29368749260902405;0.21856249868869781;0.0
0.2842499911785126;0.21856249868869781;0.0
0.2748124897480011;0.20912499725818634;0.0
0.2748124897480011;0.20912499725818634;0.0
0.2653749883174896;0.20912499725818634;0.0
0.2653749883174896;0.20912499725818634;0.0
0.25593748688697815;0.21856249868869781;0.0
0.25593748688697815;0.21856249868869781;0.0
0.25593748688697815;0.21856249868869781;0.0
0.24637499451637268;0.21856249868869781;0.0
0.2369374930858612;0.21856249868869781;0.0
0.22737500071525574;0.20912499725818634;0.0
0.2369374930858612;0.19956250488758087;0.0
0.22750000655651093;0.19956250488758087;0.0
0.2370624989271164;0.1901250034570694;0.0
0.2370624989271164;0.1901250034570694;0.0
0.2370624989271164;0.1901250034570694;0.0
0.22762499749660492;0.1901250034570694;0.0
0.22762499749660492;0.19956250488758087;0.0
0.2370624989271164;0.20900000631809235;0.0
0.24650000035762787;0.20900000631809235;0.0
0.24650000035762787;0.21843749284744263;0.0
0.24650000035762787;0.21843749284744263;0.0
0.24650000035762787;0.21843749284744263;0.0
0.24650000035762787;0.20900000631809235;0.0
0.24650000035762787;0.20900000631809235;0.0
0.24662500619888306;0.20900000631809235;0.0
0.24662500619888306;0.20900000631809235;0.0
0.24662500619888306;0.20900000631809235;0.0
0.24662500619888306;0.19943749904632568;0.0
0.24674999713897705;0.19943749904632568;0.0
0.24674999713897705;0.1899999976158142;0.0
0.23718750476837158;0.18043750524520874;0.0
0.23718750476837158;0.1899999976158142;0.0
0.24662500619888306;0.1899999976158142;0.0
0.24662500619888306;0.1899999976158142;0.0
0.23718750476837158;0.18056249618530273;0.0
0.23718750476837158;0.17112499475479126;0.0
0.24674999713897705;0.17125000059604645;0.0
0.2563124895095825;0.17125000059604645;0.0
0.2563124895095825;0.18081249296665192;0.0
0.2563124895095825;0.17137500643730164;0.0
0.24687500298023224;0.17137500643730164;0.0
0.23743750154972076;0.17137500643730164;0.0
0.23743750154972076;0.17137500643730164;0.0
0.24687500298023224;0.16193750500679016;0.0
0.24687500298023224;0.1525000035762787;0.0
0.24687500298023224;0.16193750500679016;0.0
0.24687500298023224;0.16193750500679016;0.0
0.24687500298023224;0.17137500643730164;0.0
0.24687500298023224;0.16181249916553497;0.0
0.24687500298023224;0.16181249916553497;0.0
0.24687500298023224;0.16181249916553497;0.0
0.24687500298023224;0.16181249916553497;0.0
0.24687500298023224;0.1522500067949295;0.0
0.24687500298023224;0.14268749952316284;0.0
0.24687500298023224;0.14268749952316284;0.0
0.23731249570846558;0.14268749952316284;0.0
0.23731249570846558;0.14268749952316284;0.0
0.2278749942779541;0.14268749952316284;0.0
0.2278749942779541;0.14268749952316284;0.0
0.2278749942779541;0.14268749952316284;0.0
0.2278749942779541;0.14268749952316284;0.0
0.21831250190734863;0.14268749952316284;0.0
0.21831250190734863;0.1522500067949295;0.0
0.21831250190734863;0.16181249916553497;0.0
0.21831250190734863;0.16181249916553497;0.0
0.21831250190734863;0.16181249916553497;0.0
0.20887500047683716;0.1522500067949295;0.0
0.21843749284744263;0.1522500067949295;0.0
0.2278749942779541;0.14268749952316284;0.0
0.23743750154972076;0.14268749952316284;0.0
0.23743750154972076;0.14268749952316284;0.0
0.2280000001192093;0.14268749952316284;0.0
0.21856249868869781;0.14268749952316284;0.0
0.2280000001192093;0.14268749952316284;0.0
0.21856249868869781;0.1522500067949295;0.0
0.21856249868869781;0.1522500067949295;0.0
0.21856249868869781;0.16181249916553497;0.0
0.20900000631809235;0.16181249916553497;0.0
0.20900000631809235;0.17125000059604645;0.0
0.20912499725818634;0.17125000059604645;0.0
0.20912499725818634;0.18068750202655792;0.0
0.19968749582767487;0.18068750202655792;0.0
0.19968749582767487;0.18068750202655792;0.0
0.19968749582767487;0.17112499475479126;0.0
0.19968749582767487;0.18056249618530273;0.0
0.19968749582767487;0.1901250034570694;0.0
0.20912499725818634;0.1901250034570694;0.0
0.19956250488758087;0.1901250034570694;0.0
0.19956250488758087;0.1901250034570694;0.0
0.19956250488758087;0.1901250034570694;0.0
0.19956250488758087;0.1901250034570694;0.0
0.19956250488758087;0.1901250034570694;0.0
0.19956250488758087;0.19968749582767487;0.0
0.19956250488758087;0.19968749582767487;0.0
0.19968749582767487;0.19968749582767487;0.0
0.19968749582767487;0.19968749582767487;0.0
0.19968749582767487;0.19968749582767487;0.0
0.19968749582767487;0.19968749582767487;0.0
0.20912499725818634;0.1901250034570694;0.0
0.218687504529953;0.1901250034570694;0.0
0.22824999690055847;0.1901250034570694;0.0
0.22824999690055847;0.1901250034570694;0.0
0.22824999690055847;0.19956250488758087;0.0
0.22824999690055847;0.19956250488758087;0.0
0.23768749833106995;0.19968749582767487;0.0
0.24712499976158142;0.19968749582767487;0.0
0.24712499976158142;0.19968749582767487;0.0
0.24712499976158142;0.1901250034570694;0.0
0.2565625011920929;0.1901250034570694;0.0
0.2565625011920929;0.1901250034570694;0.0
0.24699999392032623;0.1901250034570694;0.0
0.2565625011920929;0.1901250034570694;0.0
0.2564375102519989;0.1901250034570694;0.0
0.2564375102519989;0.1901250034570694;0.0
0.26600000262260437;0.1901250034570694;0.0
0.26600000262260437;0.1901250034570694;0.0
0.27543750405311584;0.18068750202655792;0.0
0.26600000262260437;0.17125000059604645;0.0
0.26612499356269836;0.18081249296665192;0.0
0.26612499356269836;0.1809374988079071;0.0
0.26612499356269836;0.1809374988079071;0.0
0.26612499356269836;0.1809374988079071;0.0
0.26612499356269836;0.1809374988079071;0.0
0.26612499356269836;0.1809374988079071;0.0
0.26600000262260437;0.1809374988079071;0.0
0.27543750405311584;0.1809374988079071;0.0
0.27543750405311584;0.1809374988079071;0.0
0.27543750405311584;0.1809374988079071;0.0
0.2658750116825104;0.1809374988079071;0.0
0.2658750116825104;0.1809374988079071;0.0
0.2658750116825104;0.1809374988079071;0.0
0.27531251311302185;0.17137500643730164;0.0
0.27543750405311584;0.17137500643730164;0.0
0.27543750405311584;0.17137500643730164;0.0
0.27543750405311584;0.17137500643730164;0.0
0.27543750405311584;0.17137500643730164;0.0
0.2658750116825104;0.16181249916553497;0.0
0.2563124895095825;0.17137500643730164;0.0
0.2563124895095825;0.17137500643730164;0.0
0.265749990940094;0.17137500643730164;0.0
0.265749990940094;0.1809374988079071;0.0
0.265749990940094;0.1809374988079071;0.0
0.2563124895095825;0.19050000607967377;0.0
0.2563124895095825;0.19050000607967377;0.0
0.2563124895095825;0.19050000607967377;0.0
0.2563124895095825;0.1810625046491623;0.0
0.2563124895095825;0.19062499701976776;0.0
0.2563124895095825;0.1811874955892563;0.0
0.2563124895095825;0.19062499701976776;0.0
0.2563124895095825;0.19062499701976776;0.0
0.2561874985694885;0.19062499701976776;0.0
0.265749990940094;0.19062499701976776;0.0
0.27531251311302185;0.19062499701976776;0.0
0.2847500145435333;0.19062499701976776;0.0
0.2847500145435333;0.19062499701976776;0.0
0.2943125069141388;0.19062499701976776;0.0
0.2943125069141388;0.19062499701976776;0.0
0.2943125069141388;0.19062499701976776;0.0
0.30375000834465027;0.19062499701976776;0.0
0.31331250071525574;0.19062499701976776;0.0
0.31331250071525574;0.19062499701976776;0.0
0.3228749930858612;0.19062499701976776;0.0
0.3228749930858612;0.1810625046491623;0.0
0.3228749930858612;0.1810625046491623;0.0
0.3228749930858612;0.1810625046491623;0.0
0.3323124945163727;0.1810625046491623;0.0
0.34174999594688416;0.1810625046491623;0.0
0.34162500500679016;0.1810625046491623;0.0
0.34174999594688416;0.19062499701976776;0.0
0.3321875035762787;0.19062499701976776;0.0
0.3321875035762787;0.19062499701976776;0.0
0.3321875035762787;0.19062499701976776;0.0
0.3321875035762787;0.19062499701976776;0.0
0.3227500021457672;0.19062499701976776;0.0
0.3227500021457672;0.1810625046491623;0.0
0.3227500021457672;0.19062499701976776;0.0
0.3227500021457672;0.1810625046491623;0.0
0.3227500021457672;0.1810625046491623;0.0
0.3227500021457672;0.17162500321865082;0.0
0.3226250112056732;0.17162500321865082;0.0
0.3226250112056732;0.16218750178813934;0.0
0.3226250112056732;0.16218750178813934;0.0
0.3320625126361847;0.16218750178813934;0.0
0.34150001406669617;0.1717499941587448;0.0
0.35106250643730164;0.16231249272823334;0.0
0.3606249988079071;0.15275000035762787;0.0
0.35118749737739563;0.15275000035762787;0.0
0.3606249988079071;0.15275000035762787;0.0
0.3606249988079071;0.15275000035762787;0.0
0.3606249988079071;0.15275000035762787;0.0
0.3606249988079071;0.15275000035762787;0.0
0.35106250643730164;0.15275000035762787;0.0
0.34162500500679016;0.1431874930858612;0.0
0.34162500500679016;0.1431874930858612;0.0
0.3320625126361847;0.1431874930858612;0.0
0.3320625126361847;0.1431874930858612;0.0
0.3320625126361847;0.1431874930858612;0.0
0.3320625126361847;0.1431874930858612;0.0
0.3226250112056732;0.1431874930858612;0.0
0.3226250112056732;0.1431874930858612;0.0
0.31306248903274536;0.1431874930858612;0.0
0.31306248903274536;0.1431874930858612;0.0
0.31306248903274536;0.13375000655651093;0.0
0.31306248903274536;0.1433124989271164;0.0
0.3036249876022339;0.13375000655651093;0.0
0.30375000834465027;0.13375000655651093;0.0
0.30375000834465027;0.13375000655651093;0.0
0.30375000834465027;0.13375000655651093;0.0
0.2943125069141388;0.13375000655651093;0.0
0.2943125069141388;0.13375000655651093;0.0
0.2943125069141388;0.1433124989271164;0.0
0.2847500145435333;0.1433124989271164;0.0
0.27531251311302185;0.1433124989271164;0.0
0.2847500145435333;0.15287500619888306;0.0
0.28462499380111694;0.1433124989271164;0.0
0.28462499380111694;0.1433124989271164;0.0
0.27518749237060547;0.1433124989271164;0.0
0.28462499380111694;0.1433124989271164;0.0
0.2750625014305115;0.13375000655651093;0.0
0.2750625014305115;0.12418749928474426;0.0
0.2750625014305115;0.12418749928474426;0.0
0.2750625014305115;0.12418749928474426;0.0
0.2750625014305115;0.12418749928474426;0.0
0.2750625014305115;0.12418749928474426;0.0
0.265625;0.12418749928474426;0.0
0.2561874985694885;0.13375000655651093;0.0
0.2561874985694885;0.1433124989271164;0.0
0.265749990940094;0.1433124989271164;0.0
0.265749990940094;0.1433124989271164;0.0
0.265749990940094;0.1433124989271164;0.0
0.27531251311302185;0.1433124989271164;0.0
0.27531251311302185;0.15287500619888306;0.0
0.27518749237060547;0.15287500619888306;0.0
0.27518749237060547;0.15287500619888306;0.0
0.27518749237060547;0.15287500619888306;0.0
0.27518749237060547;0.16243749856948853;0.0
0.28462499380111694;0.1720000058412552;0.0
0.28462499380111694;0.16243749856948853;0.0
0.28462499380111694;0.15287500619888306;0.0
0.28462499380111694;0.15287500619888306;0.0
0.2940624952316284;0.1433124989271164;0.0
0.2940624952316284;0.1433124989271164;0.0
0.2940624952316284;0.1433124989271164;0.0
0.2940624952316284;0.1433124989271164;0.0
0.3036249876022339;0.1433124989271164;0.0
0.31306248903274536;0.1433124989271164;0.0
0.31306248903274536;0.1433124989271164;0.0
0.31306248903274536;0.1433124989271164;0.0
0.31306248903274536;0.13387499749660492;0.0
0.31306248903274536;0.13387499749660492;0.0
0.31318750977516174;0.13387499749660492;0.0
0.3036249876022339;0.13387499749660492;0.0
0.2940624952316284;0.13387499749660492;0.0
0.28462499380111694;0.14343750476837158;0.0
0.28462499380111694;0.14343750476837158;0.0
0.2750625014305115;0.14343750476837158;0.0
0.2750625014305115;0.15287500619888306;0.0
0.28462499380111694;0.16231249272823334;0.0
0.27518749237060547;0.16231249272823334;0.0
0.265625;0.171875;0.0
0.265625;0.18143750727176666;0.0
0.25606250762939453;0.18143750727176666;0.0
0.25606250762939453;0.18143750727176666;0.0
0.25606250762939453;0.171875;0.0
0.25606250762939453;0.171875;0.0
0.24662500619888306;0.171875;0.0
0.24662500619888306;0.171875;0.0
0.24662500619888306;0.171875;0.0
0.24662500619888306;0.16231249272823334;0.0
0.25606250762939453;0.16231249272823334;0.0
0.25606250762939453;0.16231249272823334;0.0
0.25606250762939453;0.16231249272823334;0.0
0.265500009059906;0.171875;0.0
0.2750625014305115;0.171875;0.0
0.28450000286102295;0.171875;0.0
0.28450000286102295;0.16231249272823334;0.0
0.28450000286102295;0.1717499941587448;0.0
0.28450000286102295;0.1717499941587448;0.0
0.28450000286102295;0.18131250143051147;0.0
0.2750625014305115;0.18131250143051147;0.0
0.2750625014305115;0.18131250143051147;0.0
0.2750625014305115;0.18131250143051147;0.0
0.265625;0.18131250143051147;0.0
0.265749990940094;0.1811874955892563;0.0
0.2561874985694885;0.1811874955892563;0.0
0.24662500619888306;0.1811874955892563;0.0
0.24662500619888306;0.1811874955892563;0.0
0.24662500619888306;0.1811874955892563;0.0
0.24662500619888306;0.1811874955892563;0.0
0.24662500619888306;0.1811874955892563;0.0
0.24662500619888306;0.1811874955892563;0.0
0.24662500619888306;0.1811874955892563;0.0
0.24662500619888306;0.1811874955892563;0.0
0.24662500619888306;0.1811874955892563;0.0
0.2561874985694885;0.1811874955892563;0.0
0.2561874985694885;0.1811874955892563;0.0
0.2561874985694885;0.1811874955892563;0.0
0.2561874985694885;0.1811874955892563;0.0
0.2561874985694885;0.1811874955892563;0.0
0.24662500619888306;0.19062499701976776;0.0
0.2561874985694885;0.20018750429153442;0.0
0.2561874985694885;0.2097499966621399;0.0
0.2561874985694885;0.2097499966621399;0.0
0.265749990940094;0.20018750429153442;0.0
0.27531251311302185;0.2096250057220459;0.0
0.265749990940094;0.2096250057220459;0.0
0.27518749237060547;0.2096250057220459;0.0
0.27518749237060547;0.2096250057220459;0.0
0.2847500145435333;0.2096250057220459;0.0
0.2847500145435333;0.2096250057220459;0.0
0.2847500145435333;0.20006249845027924;0.0
0.2847500145435333;0.20006249845027924;0.0
0.2847500145435333;0.20006249845027924;0.0
0.27531251311302185;0.19050000607967377;0.0
0.2658750116825104;0.19050000607967377;0.0
0.2658750116825104;0.19050000607967377;0.0
0.2658750116825104;0.19050000607967377;0.0
0.2564375102519989;0.19050000607967377;0.0
0.2564375102519989;0.20006249845027924;0.0
0.2564375102519989;0.20006249845027924;0.0
0.2564375102519989;0.20006249845027924;0.0
0.26600000262260437;0.20006249845027924;0.0
0.26600000262260437;0.20006249845027924;0.0
0.27556249499320984;0.20006249845027924;0.0
0.27556249499320984;0.20006249845027924;0.0
0.2851249873638153;0.19993749260902405;0.0
0.2851249873638153;0.19037500023841858;0.0
0.27556249499320984;0.19037500023841858;0.0
0.27556249499320984;0.19037500023841858;0.0
0.27556249499320984;0.19037500023841858;0.0
0.27543750405311584;0.19037500023841858;0.0
0.26600000262260437;0.18081249296665192;0.0
0.2565625011920929;0.19037500023841858;0.0
0.2565625011920929;0.19037500023841858;0.0
0.2565625011920929;0.19037500023841858;0.0
0.26612499356269836;0.18081249296665192;0.0
0.26625001430511475;0.17125000059604645;0.0
0.26625001430511475;0.17125000059604645;0.0
0.26625001430511475;0.17125000059604645;0.0
0.25681251287460327;0.17125000059604645;0.0
0.2473749965429306;0.17125000059604645;0.0
0.2473749965429306;0.17125000059604645;0.0
0.25693750381469727;0.16168749332427979;0.0
0.2475000023841858;0.16168749332427979;0.0
0.23793749511241913;0.16168749332427979;0.0
0.22849999368190765;0.16168749332427979;0.0
0.23806250095367432;0.15212500095367432;0.0
0.24762499332427979;0.15212500095367432;0.0
0.24762499332427979;0.15212500095367432;0.0
0.24762499332427979;0.15212500095367432;0.0
0.23806250095367432;0.15212500095367432;0.0
0.24762499332427979;0.16168749332427979;0.0
0.24762499332427979;0.16168749332427979;0.0
0.24762499332427979;0.15212500095367432;0.0
0.24762499332427979;0.16168749332427979;0.0
0.24762499332427979;0.16168749332427979;0.0
0.24762499332427979;0.16181249916553497;0.0
0.24762499332427979;0.1523749977350235;0.0
0.24762499332427979;0.1523749977350235;0.0
0.24762499332427979;0.14281250536441803;0.0
0.25718748569488525;0.13324999809265137;0.0
0.2667500078678131;0.13324999809265137;0.0
0.2761875092983246;0.14281250536441803;0.0
0.2761875092983246;0.1523749977350235;0.0
0.2761875092983246;0.1523749977350235;0.0
0.2761875092983246;0.1523749977350235;0.0
0.2667500078678131;0.1523749977350235;0.0
0.25731250643730164;0.1523749977350235;0.0
0.25718748569488525;0.1523749977350235;0.0
0.24774999916553497;0.1523749977350235;0.0
0.24774999916553497;0.1523749977350235;0.0
0.24774999916553497;0.1523749977350235;0.0
0.2383124977350235;0.14281250536441803;0.0
0.22875000536441803;0.14281250536441803;0.0
0.22875000536441803;0.14281250536441803;0.0
0.22875000536441803;0.14281250536441803;0.0
0.22875000536441803;0.14293749630451202;0.0
0.22875000536441803;0.14293749630451202;0.0
0.22875000536441803;0.13337500393390656;0.0
0.2383124977350235;0.14293749630451202;0.0
0.2383124977350235;0.14293749630451202;0.0
0.2383124977350235;0.14293749630451202;0.0
0.2383124977350235;0.14293749630451202;0.0
0.22875000536441803;0.13349999487400055;0.0
0.2383124977350235;0.13349999487400055;0.0
0.2383124977350235;0.13349999487400055;0.0
0.2383124977350235;0.13349999487400055;0.0
0.22887499630451202;0.13349999487400055;0.0
0.22887499630451202;0.13349999487400055;0.0
0.22887499630451202;0.13349999487400055;0.0
0.22887499630451202;0.13349999487400055;0.0
0.22887499630451202;0.13349999487400055;0.0
0.22887499630451202;0.13349999487400055;0.0
0.22887499630451202;0.13349999487400055;0.0
0.21931250393390656;0.13349999487400055;0.0
0.21931250393390656;0.13349999487400055;0.0
0.21931250393390656;0.1430625021457672;0.0
0.22887499630451202;0.1430625021457672;0.0
0.22887499630451202;0.1430625021457672;0.0
0.2384375035762787;0.13362500071525574;0.0
0.2383124977350235;0.12406250089406967;0.0
0.2383124977350235;0.1145000010728836;0.0
0.2383124977350235;0.1145000010728836;0.0
0.2383124977350235;0.1145000010728836;0.0
0.22875000536441803;0.1146249994635582;0.0
0.22875000536441803;0.1146249994635582;0.0
0.21931250393390656;0.1146249994635582;0.0
0.21931250393390656;0.1146249994635582;0.0
0.2097499966621399;0.1146249994635582;0.0
0.2097499966621399;0.1146249994635582;0.0
0.2097499966621399;0.1146249994635582;0.0
0.2097499966621399;0.1146249994635582;0.0
0.21931250393390656;0.1146249994635582;0.0
0.22887499630451202;0.1146249994635582;0.0
0.22887499630451202;0.1146249994635582;0.0
0.22887499630451202;0.1146249994635582;0.0
0.22887499630451202;0.1146249994635582;0.0
0.2384375035762787;0.12418749928474426;0.0
0.2384375035762787;0.1146249994635582;0.0
0.2384375035762787;0.1146249994635582;0.0
0.2384375035762787;0.1146249994635582;0.0
0.2384375035762787;0.1146249994635582;0.0
0.2384375035762787;0.1146249994635582;0.0
0.2384375035762787;0.1146249994635582;0.0
0.2384375035762787;0.1146249994635582;0.0
0.22887499630451202;0.11474999785423279;0.0
0.2384375035762787;0.11474999785423279;0.0
0.2384375035762787;0.11474999785423279;0.0
0.2384375035762787;0.11474999785423279;0.0
0.2384375035762787;0.11474999785423279;0.0
0.23856249451637268;0.11474999785423279;0.0
0.23856249451637268;0.11474999785423279;0.0
0.24799999594688416;0.11474999785423279;0.0
0.24799999594688416;0.11474999785423279;0.0
0.2575624883174896;0.11474999785423279;0.0
0.24799999594688416;0.11474999785423279;0.0
0.2384375035762787;0.11474999785423279;0.0
0.2384375035762787;0.11474999785423279;0.0
0.2384375035762787;0.11474999785423279;0.0
0.2384375035762787;0.11474999785423279;0.0
0.2384375035762787;0.11474999785423279;0.0
0.24799999594688416;0.11474999785423279;0.0
0.2384375035762787;0.11474999785423279;0.0
0.2384375035762787;0.11474999785423279;0.0
0.2384375035762787;0.12431249767541885;0.0
0.2384375035762787;0.12431249767541885;0.0
0.22887499630451202;0.12431249767541885;0.0
0.21931250393390656;0.12431249767541885;0.0
0.21931250393390656;0.12431249767541885;0.0
0.21931250393390656;0.12431249767541885;0.0
0.21931250393390656;0.12431249767541885;0.0
0.2097499966621399;0.11474999785423279;0.0
0.21918749809265137;0.11474999785423279;0.0
0.22862499952316284;0.12431249767541885;0.0
0.22862499952316284;0.11474999785423279;0.0
0.2381875067949295;0.11474999785423279;0.0
0.24762499332427979;0.10518749803304672;0.0
0.23806250095367432;0.10518749803304672;0.0
0.23806250095367432;0.10518749803304672;0.0
0.23806250095367432;0.10518749803304672;0.0
0.23806250095367432;0.10518749803304672;0.0
0.22849999368190765;0.10518749803304672;0.0
0.21906250715255737;0.09562499821186066;0.0
0.21906250715255737;0.08606249839067459;0.0
0.21906250715255737;0.08606249839067459;0.0
0.21906250715255737;0.08606249839067459;0.0
0.22862499952316284;0.08606249839067459;0.0
0.22862499952316284;0.08606249839067459;0.0
0.21918749809265137;0.08606249839067459;0.0
0.21918749809265137;0.08606249839067459;0.0
0.22875000536441803;0.08606249839067459;0.0
0.22875000536441803;0.08606249839067459;0.0
0.22875000536441803;0.08606249839067459;0.0
0.2381875067949295;0.08606249839067459;0.0
0.22875000536441803;0.08606249839067459;0.0
0.22875000536441803;0.08606249839067459;0.0
0.22875000536441803;0.07649999856948853;0.0
0.2381875067949295;0.07649999856948853;0.0
0.24762499332427979;0.07649999856948853;0.0
0.23806250095367432;0.06693749874830246;0.0
0.23806250095367432;0.06693749874830246;0.0
0.23806250095367432;0.06693749874830246;0.0
0.23806250095367432;0.06693749874830246;0.0
0.23806250095367432;0.06693749874830246;0.0
0.23806250095367432;0.06693749874830246;0.0
0.23806250095367432;0.06693749874830246;0.0
0.23806250095367432;0.06693749874830246;0.0
0.24762499332427979;0.07649999856948853;0.0
0.24762499332427979;0.07649999856948853;0.0
0.25718748569488525;0.07649999856948853;0.0
0.25718748569488525;0.07649999856948853;0.0
0.25718748569488525;0.07649999856948853;0.0
0.2667500078678131;0.08606249839067459;0.0
0.2763125002384186;0.08606249839067459;0.0
0.2763125002384186;0.08606249839067459;0.0
0.28575000166893005;0.08606249839067459;0.0
0.2953124940395355;0.08606249839067459;0.0
0.28575000166893005;0.09562499821186066;0.0
0.28575000166893005;0.09562499821186066;0.0
0.2761875092983246;0.09562499821186066;0.0
0.2667500078678131;0.09562499821186066;0.0
0.2667500078678131;0.10518749803304672;0.0
0.2667500078678131;0.10518749803304672;0.0
0.26662498712539673;0.10518749803304672;0.0
0.26662498712539673;0.10518749803304672;0.0
0.26662498712539673;0.10518749803304672;0.0
0.26662498712539673;0.10518749803304672;0.0
0.26662498712539673;0.10518749803304672;0.0
0.26662498712539673;0.10518749803304672;0.0
0.26662498712539673;0.10518749803304672;0.0
0.26662498712539673;0.10518749803304672;0.0
0.26662498712539673;0.10518749803304672;0.0
0.25706249475479126;0.10518749803304672;0.0
0.2475000023841858;0.10518749803304672;0.0
0.2475000023841858;0.10518749803304672;0.0
0.25693750381469727;0.10518749803304672;0.0
0.25693750381469727;0.10518749803304672;0.0
0.2473749965429306;0.09562499821186066;0.0
0.25693750381469727;0.09562499821186066;0.0
0.25693750381469727;0.09562499821186066;0.0
0.26649999618530273;0.09562499821186066;0.0
0.25693750381469727;0.09562499821186066;0.0
0.25693750381469727;0.10518749803304672;0.0
0.2473749965429306;0.10518749803304672;0.0
0.2473749965429306;0.10518749803304672;0.0
0.2473749965429306;0.09562499821186066;0.0
0.2472500056028366;0.09562499821186066;0.0
0.2472500056028366;0.09562499821186066;0.0
0.2472500056028366;0.10518749803304672;0.0
0.25681251287460327;0.10518749803304672;0.0
0.2566874921321869;0.11474999785423279;0.0
0.2566874921321869;0.11474999785423279;0.0
0.2472500056028366;0.10518749803304672;0.0
0.2472500056028366;0.10518749803304672;0.0
0.24712499976158142;0.11474999785423279;0.0
0.24712499976158142;0.11474999785423279;0.0
0.24712499976158142;0.11474999785423279;0.0
0.24712499976158142;0.11474999785423279;0.0
0.24712499976158142;0.12431249767541885;0.0
0.24712499976158142;0.12431249767541885;0.0
0.24712499976158142;0.12431249767541885;0.0
0.23756250739097595;0.12431249767541885;0.0
0.23756250739097595;0.12431249767541885;0.0
0.23756250739097595;0.12431249767541885;0.0
0.23756250739097595;0.11474999785423279;0.0
0.23756250739097595;0.11474999785423279;0.0
0.23756250739097595;0.11474999785423279;0.0
0.23756250739097595;0.11474999785423279;0.0
0.23756250739097595;0.11474999785423279;0.0
0.23756250739097595;0.11474999785423279;0.0
0.23756250739097595;0.11474999785423279;0.0
0.23756250739097595;0.12431249767541885;0.0
0.23756250739097595;0.12431249767541885;0.0
0.22812500596046448;0.11474999785423279;0.0
0.22812500596046448;0.12431249767541885;0.0
0.21856249868869781;0.12431249767541885;0.0
0.20912499725818634;0.12431249767541885;0.0
0.20912499725818634;0.12431249767541885;0.0
0.218687504529953;0.12431249767541885;0.0
0.218687504529953;0.12431249767541885;0.0
0.20912499725818634;0.12431249767541885;0.0
0.20912499725818634;0.12431249767541885;0.0
0.20912499725818634;0.12431249767541885;0.0
0.20912499725818634;0.12431249767541885;0.0
0.20912499725818634;0.12431249767541885;0.0
0.20912499725818634;0.13387499749660492;0.0
0.19956250488758087;0.13387499749660492;0.0
0.19956250488758087;0.13387499749660492;0.0
0.19956250488758087;0.13387499749660492;0.0
0.19956250488758087;0.13387499749660492;0.0
0.1899999976158142;0.14343750476837158;0.0
0.1899999976158142;0.14343750476837158;0.0
0.1899999976158142;0.14343750476837158;0.0
0.18056249618530273;0.14343750476837158;0.0
0.1901250034570694;0.14343750476837158;0.0
0.19968749582767487;0.14343750476837158;0.0
0.19968749582767487;0.14343750476837158;0.0
0.1902499943971634;0.14343750476837158;0.0
0.18081249296665192;0.14343750476837158;0.0
0.18081249296665192;0.14343750476837158;0.0
0.19037500023841858;0.15299999713897705;0.0
0.19037500023841858;0.15299999713897705;0.0
0.19037500023841858;0.15299999713897705;0.0
0.19037500023841858;0.15299999713897705;0.0
0.18081249296665192;0.15299999713897705;0.0
0.18081249296665192;0.15299999713897705;0.0
0.18081249296665192;0.15299999713897705;0.0
0.17125000059604645;0.14343750476837158;0.0
0.17125000059604645;0.14343750476837158;0.0
0.16168749332427979;0.14343750476837158;0.0
0.16168749332427979;0.14343750476837158;0.0
0.16168749332427979;0.14343750476837158;0.0
0.15212500095367432;0.13387499749660492;0.0
0.14256249368190765;0.13387499749660492;0.0
0.14256249368190765;0.13387499749660492;0.0
0.14256249368190765;0.13387499749660492;0.0
0.13300000131130219;0.12431249767541885;0.0
0.13300000131130219;0.11474999785423279;0.0
0.13300000131130219;0.11474999785423279;0.0
0.13300000131130219;0.11474999785423279;0.0
0.13300000131130219;0.11474999785423279;0.0
0.14256249368190765;0.11474999785423279;0.0
0.15199999511241913;0.11474999785423279;0.0
0.14256249368190765;0.11474999785423279;0.0
0.14256249368190765;0.10518749803304672;0.0
0.14256249368190765;0.11474999785423279;0.0
0.14256249368190765;0.11474999785423279;0.0
0.14256249368190765;0.11474999785423279;0.0
0.14256249368190765;0.11474999785423279;0.0
0.14256249368190765;0.11474999785423279;0.0
0.14256249368190765;0.11474999785423279;0.0
0.14256249368190765;0.11474999785423279;0.0
0.14256249368190765;0.11474999785423279;0.0
0.14256249368190765;0.11474999785423279;0.0
0.15212500095367432;0.11474999785423279;0.0
0.14268749952316284;0.11474999785423279;0.0
0.15212500095367432;0.11474999785423279;0.0
0.1615625023841858;0.11474999785423279;0.0
0.15199999511241913;0.11474999785423279;0.0
0.1615625023841858;0.11474999785423279;0.0
0.1614374965429306;0.11474999785423279;0.0
0.1614374965429306;0.11474999785423279;0.0
0.17100000381469727;0.10518749803304672;0.0
0.18056249618530273;0.10518749803304672;0.0
0.18056249618530273;0.10518749803304672;0.0
0.18056249618530273;0.10518749803304672;0.0
0.17112499475479126;0.10518749803304672;0.0
0.18056249618530273;0.10518749803304672;0.0
0.18056249618530273;0.09562499821186066;0.0
0.18043750524520874;0.10518749803304672;0.0
0.17100000381469727;0.09562499821186066;0.0
0.17100000381469727;0.09562499821186066;0.0
0.17100000381469727;0.09562499821186066;0.0
0.18056249618530273;0.10518749803304672;0.0
0.17112499475479126;0.09562499821186066;0.0
0.17112499475479126;0.09562499821186066;0.0
0.17112499475479126;0.10518749803304672;0.0
0.18056249618530273;0.11474999785423279;0.0
0.18056249618530273;0.11474999785423279;0.0
0.18056249618530273;0.11474999785423279;0.0
0.18056249618530273;0.11474999785423279;0.0
0.18056249618530273;0.11474999785423279;0.0
0.18056249618530273;0.11474999785423279;0.0
0.18056249618530273;0.11474999785423279;0.0
0.18056249618530273;0.11474999785423279;0.0
0.18056249618530273;0.11474999785423279;0.0
0.18056249618530273;0.12431249767541885;0.0
0.18056249618530273;0.12431249767541885;0.0
0.1901250034570694;0.12431249767541885;0.0
0.1901250034570694;0.12431249767541885;0.0
0.1901250034570694;0.12431249767541885;0.0
0.1901250034570694;0.11474999785423279;0.0
0.18068750202655792;0.11474999785423279;0.0
0.1902499943971634;0.11474999785423279;0.0
0.1902499943971634;0.10518749803304672;0.0
0.19981250166893005;0.10518749803304672;0.0
0.19981250166893005;0.11474999785423279;0.0
0.19981250166893005;0.11474999785423279;0.0
0.19968749582767487;0.12431249767541885;0.0
0.19968749582767487;0.12431249767541885;0.0
0.19968749582767487;0.12431249767541885;0.0
0.19968749582767487;0.12431249767541885;0.0
0.19968749582767487;0.12431249767541885;0.0
0.19968749582767487;0.12431249767541885;0.0
0.19968749582767487;0.12431249767541885;0.0
0.19968749582767487;0.11474999785423279;0.0
0.20912499725818634;0.11474999785423279;0.0
0.218687504529953;0.11474999785423279;0.0
0.218687504529953;0.11474999785423279;0.0
0.22824999690055847;0.11474999785423279;0.0
0.22824999690055847;0.10518749803304672;0.0
0.22824999690055847;0.10518749803304672;0.0
0.23781250417232513;0.10518749803304672;0.0
0.23781250417232513;0.10518749803304672;0.0
0.23781250417232513;0.10518749803304672;0.0
0.22824999690055847;0.10518749803304672;0.0
0.23768749833106995;0.10518749803304672;0.0
0.23768749833106995;0.10518749803304672;0.0
0.23768749833106995;0.10518749803304672;0.0
0.23768749833106995;0.10518749803304672;0.0
0.22812500596046448;0.09562499821186066;0.0
0.22812500596046448;0.09562499821186066;0.0
0.23768749833106995;0.09562499821186066;0.0
0.23768749833106995;0.09562499821186066;0.0
0.2472500056028366;0.09562499821186066;0.0
0.2472500056028366;0.09562499821186066;0.0
0.2566874921321869;0.09562499821186066;0.0
0.2566874921321869;0.10518749803304672;0.0
0.2566874921321869;0.10518749803304672;0.0
0.26625001430511475;0.11474999785423279;0.0
0.26625001430511475;0.11474999785423279;0.0
0.26625001430511475;0.11474999785423279;0.0
0.26625001430511475;0.11474999785423279;0.0
0.2758125066757202;0.11474999785423279;0.0
0.2758125066757202;0.11474999785423279;0.0
0.26637500524520874;0.11474999785423279;0.0
0.26637500524520874;0.12431249767541885;0.0
0.2758125066757202;0.13387499749660492;0.0
0.2758125066757202;0.13387499749660492;0.0
0.2852500081062317;0.13387499749660492;0.0
0.2852500081062317;0.13387499749660492;0.0
0.27568748593330383;0.13387499749660492;0.0
0.26625001430511475;0.13387499749660492;0.0
0.2758125066757202;0.13387499749660492;0.0
0.2758125066757202;0.13387499749660492;0.0
0.2758125066757202;0.12431249767541885;0.0
0.2758125066757202;0.12431249767541885;0.0
0.2852500081062317;0.12431249767541885;0.0
0.2852500081062317;0.12431249767541885;0.0
0.2852500081062317;0.12431249767541885;0.0
0.2852500081062317;0.12431249767541885;0.0
0.2852500081062317;0.12431249767541885;0.0
0.2852500081062317;0.12431249767541885;0.0
0.2852500081062317;0.12431249767541885;0.0
0.2852500081062317;0.12431249767541885;0.0
0.2852500081062317;0.12431249767541885;0.0
0.2852500081062317;0.12431249767541885;0.0
0.2758125066757202;0.12431249767541885;0.0
0.2852500081062317;0.12431249767541885;0.0
0.27568748593330383;0.13387499749660492;0.0
0.26625001430511475;0.13387499749660492;0.0
0.26625001430511475;0.13387499749660492;0.0
0.26625001430511475;0.14343750476837158;0.0
0.2566874921321869;0.15299999713897705;0.0
0.2566874921321869;0.15299999713897705;0.0
0.2566874921321869;0.15299999713897705;0.0
0.2566874921321869;0.15299999713897705;0.0
0.2472500056028366;0.15299999713897705;0.0
0.2472500056028366;0.15299999713897705;0.0
0.23781250417232513;0.14343750476837158;0.0
0.23781250417232513;0.14343750476837158;0.0
0.23781250417232513;0.14343750476837158;0.0
0.2473749965429306;0.14343750476837158;0.0
0.2473749965429306;0.13387499749660492;0.0
0.2473749965429306;0.13387499749660492;0.0
0.25681251287460327;0.14343750476837158;0.0
0.26637500524520874;0.13387499749660492;0.0
0.25693750381469727;0.12431249767541885;0.0
0.25693750381469727;0.11474999785423279;0.0
0.25693750381469727;0.11474999785423279;0.0
0.25693750381469727;0.11474999785423279;0.0
0.25693750381469727;0.11474999785423279;0.0
0.25693750381469727;0.11474999785423279;0.0
0.25693750381469727;0.11474999785423279;0.0
0.25693750381469727;0.11474999785423279;0.0
0.25693750381469727;0.11474999785423279;0.0
0.25693750381469727;0.10518749803304672;0.0
0.25693750381469727;0.10518749803304672;0.0
0.2473749965429306;0.11474999785423279;0.0
0.2473749965429306;0.12431249767541885;0.0
0.2473749965429306;0.12431249767541885;0.0
0.2473749965429306;0.12431249767541885;0.0
0.2473749965429306;0.12431249767541885;0.0
0.23781250417232513;0.12431249767541885;0.0
0.23781250417232513;0.12431249767541885;0.0
0.22824999690055847;0.12431249767541885;0.0
0.22824999690055847;0.12431249767541885;0.0
0.22824999690055847;0.12431249767541885;0.0
0.218812495470047;0.11474999785423279;0.0
0.218812495470047;0.11474999785423279;0.0
0.218812495470047;0.11474999785423279;0.0
0.218812495470047;0.12431249767541885;0.0
0.218812495470047;0.12431249767541885;0.0
0.218812495470047;0.12431249767541885;0.0
0.218812495470047;0.12431249767541885;0.0
0.218812495470047;0.12431249767541885;0.0
0.20937499403953552;0.13387499749660492;0.0
0.19981250166893005;0.14343750476837158;0.0
0.19981250166893005;0.14343750476837158;0.0
0.19981250166893005;0.14343750476837158;0.0
0.19981250166893005;0.14343750476837158;0.0
0.20925000309944153;0.14343750476837158;0.0
0.19968749582767487;0.14343750476837158;0.0
0.19968749582767487;0.14343750476837158;0.0
0.1901250034570694;0.14343750476837158;0.0
0.1901250034570694;0.14343750476837158;0.0
0.18068750202655792;0.15299999713897705;0.0
0.18068750202655792;0.15299999713897705;0.0
0.18068750202655792;0.15299999713897705;0.0
0.1902499943971634;0.15299999713897705;0.0
0.1902499943971634;0.15299999713897705;0.0
0.1902499943971634;0.15299999713897705;0.0
0.18068750202655792;0.15299999713897705;0.0
0.18068750202655792;0.15299999713897705;0.0
0.17112499475479126;0.15299999713897705;0.0
0.17112499475479126;0.15299999713897705;0.0
0.16168749332427979;0.1625625044107437;0.0
0.16168749332427979;0.15299999713897705;0.0
0.16168749332427979;0.15299999713897705;0.0
0.15212500095367432;0.15299999713897705;0.0
0.15212500095367432;0.15299999713897705;0.0
0.15212500095367432;0.15299999713897705;0.0
0.15212500095367432;0.1625625044107437;0.0
0.14256249368190765;0.1625625044107437;0.0
0.14256249368190765;0.1625625044107437;0.0
0.14256249368190765;0.1625625044107437;0.0
0.14256249368190765;0.1625625044107437;0.0
0.14268749952316284;0.15299999713897705;0.0
0.1522500067949295;0.15299999713897705;0.0
0.14281250536441803;0.15299999713897705;0.0
0.14281250536441803;0.15299999713897705;0.0
0.14281250536441803;0.14343750476837158;0.0
0.14281250536441803;0.15299999713897705;0.0
0.13324999809265137;0.15299999713897705;0.0
0.13324999809265137;0.15299999713897705;0.0
0.13324999809265137;0.15299999713897705;0.0
0.13324999809265137;0.15299999713897705;0.0
0.12381249666213989;0.15299999713897705;0.0
0.12381249666213989;0.15299999713897705;0.0
0.12381249666213989;0.15299999713897705;0.0
0.12381249666213989;0.1625625044107437;0.0
0.12381249666213989;0.1625625044107437;0.0
0.13337500393390656;0.1625625044107437;0.0
0.14293749630451202;0.17212499678134918;0.0
0.13337500393390656;0.17212499678134918;0.0
0.14293749630451202;0.17212499678134918;0.0
0.13349999487400055;0.17212499678134918;0.0
0.1430625021457672;0.17212499678134918;0.0
0.13362500071525574;0.17212499678134918;0.0
0.13362500071525574;0.1625625044107437;0.0
0.13362500071525574;0.17212499678134918;0.0
0.13362500071525574;0.17212499678134918;0.0
0.12406250089406967;0.1625625044107437;0.0
